"0","firstname0",aaam","lastname0","aaa","user_id0"
"1","firstname1",aabm","lastname1","aab","user_id1"
"2","firstname2",aacm","lastname2","aac","user_id2"
"3","firstname3",aadm","lastname3","aad","user_id3"
"4","firstname4",aaem","lastname4","aae","user_id4"
"5","firstname5",aafm","lastname5","aaf","user_id5"
"6","firstname6",aagm","lastname6","aag","user_id6"
"7","firstname7",aahm","lastname7","aah","user_id7"
"8","firstname8",aaim","lastname8","aai","user_id8"
"9","firstname9",aajm","lastname9","aaj","user_id9"
"10","firstname10","aak","lastname10","aak","user_id10"
"11","firstname11","aal","lastname11","aal","user_id11"
"12","firstname12","aam","lastname12","aam","user_id12"
"13","firstname13","aan","lastname13","aan","user_id13"
"14","firstname14","aao","lastname14","aao","user_id14"
"15","firstname15","aap","lastname15","aap","user_id15"
"16","firstname16","aaq","lastname16","aaq","user_id16"
"17","firstname17","aar","lastname17","aar","user_id17"
"18","firstname18","aas","lastname18","aas","user_id18"
"19","firstname19","aat","lastname19","aat","user_id19"
"20","firstname20","aau","lastname20","aau","user_id20"
"21","firstname21","aav","lastname21","aav","user_id21"
"22","firstname22","aaw","lastname22","aaw","user_id22"
"23","firstname23","aax","lastname23","aax","user_id23"
"24","firstname24","aay","lastname24","aay","user_id24"
"25","firstname25","aaz","lastname25","aaz","user_id25"
"26","firstname26","aba","lastname26","aba","user_id26"
"27","firstname27","abb","lastname27","abb","user_id27"
"28","firstname28","abc","lastname28","abc","user_id28"
"29","firstname29","abd","lastname29","abd","user_id29"
"30","firstname30","abe","lastname30","abe","user_id30"
"31","firstname31","abf","lastname31","abf","user_id31"
"32","firstname32","abg","lastname32","abg","user_id32"
"33","firstname33","abh","lastname33","abh","user_id33"
"34","firstname34","abi","lastname34","abi","user_id34"
"35","firstname35","abj","lastname35","abj","user_id35"
"36","firstname36","abk","lastname36","abk","user_id36"
"37","firstname37","abl","lastname37","abl","user_id37"
"38","firstname38","abm","lastname38","abm","user_id38"
"39","firstname39","abn","lastname39","abn","user_id39"
"40","firstname40","abo","lastname40","abo","user_id40"
"41","firstname41","abp","lastname41","abp","user_id41"
"42","firstname42","abq","lastname42","abq","user_id42"
"43","firstname43","abr","lastname43","abr","user_id43"
"44","firstname44","abs","lastname44","abs","user_id44"
"45","firstname45","abt","lastname45","abt","user_id45"
"46","firstname46","abu","lastname46","abu","user_id46"
"47","firstname47","abv","lastname47","abv","user_id47"
"48","firstname48","abw","lastname48","abw","user_id48"
"49","firstname49","abx","lastname49","abx","user_id49"
